"varname","shortdesc","shrtname","longname","version","shrtcite","longcite","url"
"gwgroupid","Unique ID of ethnic group","EPR","Ethnic Power-Relations Dataset","v2018","Vogt et al. (2015)","Vogt, M., N.-C. Bormann, S. Ruegger, L.-E. Cederman, P. Hunziker, and L. Girardin. (2015). Integrating Data on Ethnicity, Geography, and Conflict: The Ethnic Power Relations Dataset Family. Journal of Conflict Resolution 59 (7).","http://www.icr.ethz.ch/data"
"year","Year of observation (Group-Level)","NA","Not Applicable","NA","NA","NA","NA"
"groupname","Name of ethnic group","EPR","Ethnic Power-Relations Dataset","v2018","Vogt et al. (2015)","Vogt, M., N.-C. Bormann, S. Ruegger, L.-E. Cederman, P. Hunziker, and L. Girardin. (2015). Integrating Data on Ethnicity, Geography, and Conflict: The Ethnic Power Relations Dataset Family. Journal of Conflict Resolution 59 (7).","http://www.icr.ethz.ch/data"
"countries_gwid","Unique GW ID of country","GW","Gleditsch and Ward Interstate System Membership","v5","Gleditsch and Ward (1999)","Gleditsch, K. S. and M. D. Ward (1999). Interstate System Membership: A Revised List of the Independent States since 1816. International Interactions 25 (4).","http://privatewww.essex.ac.uk/~ksg/statelist.html"
"countryname","Name of country","GW","Gleditsch and Ward Interstate System Membership","v5","Gleditsch and Ward (1999)","Gleditsch, K. S. and M. D. Ward (1999). Interstate System Membership: A Revised List of the Independent States since 1816. International Interactions 25 (4).","http://privatewww.essex.ac.uk/~ksg/statelist.html"
"isactive","Binary flag indicating whether group is physically present in a country and not represented by active ancestor or descendant groups","EPR","Ethnic Power-Relations Dataset","v2018","Vogt et al. (2015)","Vogt, M., N.-C. Bormann, S. Ruegger, L.-E. Cederman, P. Hunziker, and L. Girardin. (2015). Integrating Data on Ethnicity, Geography, and Conflict: The Ethnic Power Relations Dataset Family. Journal of Conflict Resolution 59 (7).","http://www.icr.ethz.ch/data"
"isrelevant","Binary flag indicating whether group is politically relevant","EPR","Ethnic Power-Relations Dataset","v2018","Vogt et al. (2015)","Vogt, M., N.-C. Bormann, S. Ruegger, L.-E. Cederman, P. Hunziker, and L. Girardin. (2015). Integrating Data on Ethnicity, Geography, and Conflict: The Ethnic Power Relations Dataset Family. Journal of Conflict Resolution 59 (7).","http://www.icr.ethz.ch/data"
"groupsize","This group's population size as a fraction of the country's total population","EPR","Ethnic Power-Relations Dataset","v2018","Vogt et al. (2015)","Vogt, M., N.-C. Bormann, S. Ruegger, L.-E. Cederman, P. Hunziker, and L. Girardin. (2015). Integrating Data on Ethnicity, Geography, and Conflict: The Ethnic Power Relations Dataset Family. Journal of Conflict Resolution 59 (7).","http://www.icr.ethz.ch/data"
"statusid","ID indicating this group's political status","EPR","Ethnic Power-Relations Dataset","v2018","Vogt et al. (2015)","Vogt, M., N.-C. Bormann, S. Ruegger, L.-E. Cederman, P. Hunziker, and L. Girardin. (2015). Integrating Data on Ethnicity, Geography, and Conflict: The Ethnic Power Relations Dataset Family. Journal of Conflict Resolution 59 (7).","http://www.icr.ethz.ch/data"
"statusname","Name of the corresponding value on StatusID","EPR","Ethnic Power-Relations Dataset","v2018","Vogt et al. (2015)","Vogt, M., N.-C. Bormann, S. Ruegger, L.-E. Cederman, P. Hunziker, and L. Girardin. (2015). Integrating Data on Ethnicity, Geography, and Conflict: The Ethnic Power Relations Dataset Family. Journal of Conflict Resolution 59 (7).","http://www.icr.ethz.ch/data"
"regaut","Binary flag indicating wether group has meaningful political autonomy.","EPR","Ethnic Power-Relations Dataset","v2018","Vogt et al. (2015)","Vogt, M., N.-C. Bormann, S. Ruegger, L.-E. Cederman, P. Hunziker, and L. Girardin. (2015). Integrating Data on Ethnicity, Geography, and Conflict: The Ethnic Power Relations Dataset Family. Journal of Conflict Resolution 59 (7).","http://www.icr.ethz.ch/data"
"status_pwrrank","Political status of this group ranked on a scale from 1 (discriminated) to 7 (monopoly);  self-exclusion ranks at 3.","EPR","Ethnic Power-Relations Dataset","v2018","Vogt et al. (2015)","Vogt, M., N.-C. Bormann, S. Ruegger, L.-E. Cederman, P. Hunziker, and L. Girardin. (2015). Integrating Data on Ethnicity, Geography, and Conflict: The Ethnic Power Relations Dataset Family. Journal of Conflict Resolution 59 (7).","http://www.icr.ethz.ch/data"
"status_monopoly","Binary flag indicating whether this group is assigned the status 'monopoly'","EPR","Ethnic Power-Relations Dataset","v2018","Vogt et al. (2015)","Vogt, M., N.-C. Bormann, S. Ruegger, L.-E. Cederman, P. Hunziker, and L. Girardin. (2015). Integrating Data on Ethnicity, Geography, and Conflict: The Ethnic Power Relations Dataset Family. Journal of Conflict Resolution 59 (7).","http://www.icr.ethz.ch/data"
"status_dominant","Binary flag indicating whether this group is assigned the status 'dominant'","EPR","Ethnic Power-Relations Dataset","v2018","Vogt et al. (2015)","Vogt, M., N.-C. Bormann, S. Ruegger, L.-E. Cederman, P. Hunziker, and L. Girardin. (2015). Integrating Data on Ethnicity, Geography, and Conflict: The Ethnic Power Relations Dataset Family. Journal of Conflict Resolution 59 (7).","http://www.icr.ethz.ch/data"
"status_senior","Binary flag indicating whether this group is assigned the status 'senior partner'","EPR","Ethnic Power-Relations Dataset","v2018","Vogt et al. (2015)","Vogt, M., N.-C. Bormann, S. Ruegger, L.-E. Cederman, P. Hunziker, and L. Girardin. (2015). Integrating Data on Ethnicity, Geography, and Conflict: The Ethnic Power Relations Dataset Family. Journal of Conflict Resolution 59 (7).","http://www.icr.ethz.ch/data"
"status_junior","Binary flag indicating whether this group is assigned the status 'junior partner'","EPR","Ethnic Power-Relations Dataset","v2018","Vogt et al. (2015)","Vogt, M., N.-C. Bormann, S. Ruegger, L.-E. Cederman, P. Hunziker, and L. Girardin. (2015). Integrating Data on Ethnicity, Geography, and Conflict: The Ethnic Power Relations Dataset Family. Journal of Conflict Resolution 59 (7).","http://www.icr.ethz.ch/data"
"status_selfexclusion","Binary flag indicating whether this group is assigned the status 'self-exclusion'","EPR","Ethnic Power-Relations Dataset","v2018","Vogt et al. (2015)","Vogt, M., N.-C. Bormann, S. Ruegger, L.-E. Cederman, P. Hunziker, and L. Girardin. (2015). Integrating Data on Ethnicity, Geography, and Conflict: The Ethnic Power Relations Dataset Family. Journal of Conflict Resolution 59 (7).","http://www.icr.ethz.ch/data"
"status_powerless","Binary flag indicating whether this group is assigned the status 'powerless'","EPR","Ethnic Power-Relations Dataset","v2018","Vogt et al. (2015)","Vogt, M., N.-C. Bormann, S. Ruegger, L.-E. Cederman, P. Hunziker, and L. Girardin. (2015). Integrating Data on Ethnicity, Geography, and Conflict: The Ethnic Power Relations Dataset Family. Journal of Conflict Resolution 59 (7).","http://www.icr.ethz.ch/data"
"status_discrim","Binary flag indicating whether this group is assigned the status 'discriminated'","EPR","Ethnic Power-Relations Dataset","v2018","Vogt et al. (2015)","Vogt, M., N.-C. Bormann, S. Ruegger, L.-E. Cederman, P. Hunziker, and L. Girardin. (2015). Integrating Data on Ethnicity, Geography, and Conflict: The Ethnic Power Relations Dataset Family. Journal of Conflict Resolution 59 (7).","http://www.icr.ethz.ch/data"
"status_egip","Binary flag indicating whether this group is an EGIP (status 'junior partner' or higher)","EPR","Ethnic Power-Relations Dataset","v2018","Vogt et al. (2015)","Vogt, M., N.-C. Bormann, S. Ruegger, L.-E. Cederman, P. Hunziker, and L. Girardin. (2015). Integrating Data on Ethnicity, Geography, and Conflict: The Ethnic Power Relations Dataset Family. Journal of Conflict Resolution 59 (7).","http://www.icr.ethz.ch/data"
"status_excl","Binary flag indicating whether this group is a MEG (status ' self-exclusion' or lower)","EPR","Ethnic Power-Relations Dataset","v2018","Vogt et al. (2015)","Vogt, M., N.-C. Bormann, S. Ruegger, L.-E. Cederman, P. Hunziker, and L. Girardin. (2015). Integrating Data on Ethnicity, Geography, and Conflict: The Ethnic Power Relations Dataset Family. Journal of Conflict Resolution 59 (7).","http://www.icr.ethz.ch/data"
"egip_groups_count","Count variable indicating the number of EGIPs in this group's country","EPR","Ethnic Power-Relations Dataset","v2018","Vogt et al. (2015)","Vogt, M., N.-C. Bormann, S. Ruegger, L.-E. Cederman, P. Hunziker, and L. Girardin. (2015). Integrating Data on Ethnicity, Geography, and Conflict: The Ethnic Power Relations Dataset Family. Journal of Conflict Resolution 59 (7).","http://www.icr.ethz.ch/data"
"excl_groups_count","Count variable indicating the number of MEGs in this group's country","EPR","Ethnic Power-Relations Dataset","v2018","Vogt et al. (2015)","Vogt, M., N.-C. Bormann, S. Ruegger, L.-E. Cederman, P. Hunziker, and L. Girardin. (2015). Integrating Data on Ethnicity, Geography, and Conflict: The Ethnic Power Relations Dataset Family. Journal of Conflict Resolution 59 (7).","http://www.icr.ethz.ch/data"
"rlvt_groups_count","Count variable indicating the number of relevant groups in this group's country","EPR","Ethnic Power-Relations Dataset","v2018","Vogt et al. (2015)","Vogt, M., N.-C. Bormann, S. Ruegger, L.-E. Cederman, P. Hunziker, and L. Girardin. (2015). Integrating Data on Ethnicity, Geography, and Conflict: The Ethnic Power Relations Dataset Family. Journal of Conflict Resolution 59 (7).","http://www.icr.ethz.ch/data"
"actv_groups_count","Count variable indicating the number of active groups in this group's country","EPR","Ethnic Power-Relations Dataset","v2018","Vogt et al. (2015)","Vogt, M., N.-C. Bormann, S. Ruegger, L.-E. Cederman, P. Hunziker, and L. Girardin. (2015). Integrating Data on Ethnicity, Geography, and Conflict: The Ethnic Power Relations Dataset Family. Journal of Conflict Resolution 59 (7).","http://www.icr.ethz.ch/data"
"lpop","Sum of the ethnically relevant population in this group's country (as a fraction of total population)","EPR","Ethnic Power-Relations Dataset","v2018","Vogt et al. (2015)","Vogt, M., N.-C. Bormann, S. Ruegger, L.-E. Cederman, P. Hunziker, and L. Girardin. (2015). Integrating Data on Ethnicity, Geography, and Conflict: The Ethnic Power Relations Dataset Family. Journal of Conflict Resolution 59 (7).","http://www.icr.ethz.ch/data"
"lsize","This group's population size as a fraction of the ethnically relevant population of this group's country (groupsize / lpop)","EPR","Ethnic Power-Relations Dataset","v2018","Vogt et al. (2015)","Vogt, M., N.-C. Bormann, S. Ruegger, L.-E. Cederman, P. Hunziker, and L. Girardin. (2015). Integrating Data on Ethnicity, Geography, and Conflict: The Ethnic Power Relations Dataset Family. Journal of Conflict Resolution 59 (7).","http://www.icr.ethz.ch/data"
"egippop","Sum of the population of all EGIP groups in this group's country (as a fraction of total population)","EPR","Ethnic Power-Relations Dataset","v2018","Vogt et al. (2015)","Vogt, M., N.-C. Bormann, S. Ruegger, L.-E. Cederman, P. Hunziker, and L. Girardin. (2015). Integrating Data on Ethnicity, Geography, and Conflict: The Ethnic Power Relations Dataset Family. Journal of Conflict Resolution 59 (7).","http://www.icr.ethz.ch/data"
"legippop","EGIP population as a fraction of ethnically relevant population in this group's country (egippop / lpop)","EPR","Ethnic Power-Relations Dataset","v2018","Vogt et al. (2015)","Vogt, M., N.-C. Bormann, S. Ruegger, L.-E. Cederman, P. Hunziker, and L. Girardin. (2015). Integrating Data on Ethnicity, Geography, and Conflict: The Ethnic Power Relations Dataset Family. Journal of Conflict Resolution 59 (7).","http://www.icr.ethz.ch/data"
"exclpop","Sum of the population of all MEG groups in this group's country (as a fraction of total population)","EPR","Ethnic Power-Relations Dataset","v2018","Vogt et al. (2015)","Vogt, M., N.-C. Bormann, S. Ruegger, L.-E. Cederman, P. Hunziker, and L. Girardin. (2015). Integrating Data on Ethnicity, Geography, and Conflict: The Ethnic Power Relations Dataset Family. Journal of Conflict Resolution 59 (7).","http://www.icr.ethz.ch/data"
"lexclpop","MEG population as a fraction of ethnically relevant population in this group's country (exclpo / lpop)","EPR","Ethnic Power-Relations Dataset","v2018","Vogt et al. (2015)","Vogt, M., N.-C. Bormann, S. Ruegger, L.-E. Cederman, P. Hunziker, and L. Girardin. (2015). Integrating Data on Ethnicity, Geography, and Conflict: The Ethnic Power Relations Dataset Family. Journal of Conflict Resolution 59 (7).","http://www.icr.ethz.ch/data"
"discrimpop","Sum of the population of all discriminated groups in this group's country (as a fraction of total population).","EPR","Ethnic Power-Relations Dataset","v2018","Vogt et al. (2015)","Vogt, M., N.-C. Bormann, S. Ruegger, L.-E. Cederman, P. Hunziker, and L. Girardin. (2015). Integrating Data on Ethnicity, Geography, and Conflict: The Ethnic Power Relations Dataset Family. Journal of Conflict Resolution 59 (7).","http://www.icr.ethz.ch/data"
"ldiscrimpop","Discriminated population as a fraction of ethnically relevant population in this group's country (discrimpop / lpop).","EPR","Ethnic Power-Relations Dataset","v2018","Vogt et al. (2015)","Vogt, M., N.-C. Bormann, S. Ruegger, L.-E. Cederman, P. Hunziker, and L. Girardin. (2015). Integrating Data on Ethnicity, Geography, and Conflict: The Ethnic Power Relations Dataset Family. Journal of Conflict Resolution 59 (7).","http://www.icr.ethz.ch/data"
"rbal","If this group is a MEG: groupsize / (egippop + groupsize); If this group is an EGIP: groupsize / egippop","EPR","Ethnic Power-Relations Dataset","v2018","Vogt et al. (2015)","Vogt, M., N.-C. Bormann, S. Ruegger, L.-E. Cederman, P. Hunziker, and L. Girardin. (2015). Integrating Data on Ethnicity, Geography, and Conflict: The Ethnic Power Relations Dataset Family. Journal of Conflict Resolution 59 (7).","http://www.icr.ethz.ch/data"
"rlbal","If this group is a MEG: lsize / (legippop + lsize); If this group is an EGIP: lsize / legippop","EPR","Ethnic Power-Relations Dataset","v2018","Vogt et al. (2015)","Vogt, M., N.-C. Bormann, S. Ruegger, L.-E. Cederman, P. Hunziker, and L. Girardin. (2015). Integrating Data on Ethnicity, Geography, and Conflict: The Ethnic Power Relations Dataset Family. Journal of Conflict Resolution 59 (7).","http://www.icr.ethz.ch/data"
"downgraded1","Binary flag indicating whether this group has lost power (according to the status_pwrrank variable) in the previous year","EPR","Ethnic Power-Relations Dataset","v2018","Vogt et al. (2015)","Vogt, M., N.-C. Bormann, S. Ruegger, L.-E. Cederman, P. Hunziker, and L. Girardin. (2015). Integrating Data on Ethnicity, Geography, and Conflict: The Ethnic Power Relations Dataset Family. Journal of Conflict Resolution 59 (7).","http://www.icr.ethz.ch/data"
"downgraded_excl1","Binary flag indicating whether this group has been downgraded from EGIP to MEG in the previous year","EPR","Ethnic Power-Relations Dataset","v2018","Vogt et al. (2015)","Vogt, M., N.-C. Bormann, S. Ruegger, L.-E. Cederman, P. Hunziker, and L. Girardin. (2015). Integrating Data on Ethnicity, Geography, and Conflict: The Ethnic Power Relations Dataset Family. Journal of Conflict Resolution 59 (7).","http://www.icr.ethz.ch/data"
"downgraded_regaut1","Binary flag indicating whether group has lost political autnomy in the previous year","EPR","Ethnic Power-Relations Dataset","v2018","Vogt et al. (2015)","Vogt, M., N.-C. Bormann, S. Ruegger, L.-E. Cederman, P. Hunziker, and L. Girardin. (2015). Integrating Data on Ethnicity, Geography, and Conflict: The Ethnic Power Relations Dataset Family. Journal of Conflict Resolution 59 (7).","http://www.icr.ethz.ch/data"
"upgraded1","Binary flag indicating whether this group has gained power (according to the status_pwrrank variable) in the previous year","EPR","Ethnic Power-Relations Dataset","v2018","Vogt et al. (2015)","Vogt, M., N.-C. Bormann, S. Ruegger, L.-E. Cederman, P. Hunziker, and L. Girardin. (2015). Integrating Data on Ethnicity, Geography, and Conflict: The Ethnic Power Relations Dataset Family. Journal of Conflict Resolution 59 (7).","http://www.icr.ethz.ch/data"
"upgraded_excl1","Binary flag indicating whether this group has been upgraded from MEG to EGIP in the previous year","EPR","Ethnic Power-Relations Dataset","v2018","Vogt et al. (2015)","Vogt, M., N.-C. Bormann, S. Ruegger, L.-E. Cederman, P. Hunziker, and L. Girardin. (2015). Integrating Data on Ethnicity, Geography, and Conflict: The Ethnic Power Relations Dataset Family. Journal of Conflict Resolution 59 (7).","http://www.icr.ethz.ch/data"
"upgraded_regaut1","Binary flag indicating whether group has gained political autnomy in the previous year","EPR","Ethnic Power-Relations Dataset","v2018","Vogt et al. (2015)","Vogt, M., N.-C. Bormann, S. Ruegger, L.-E. Cederman, P. Hunziker, and L. Girardin. (2015). Integrating Data on Ethnicity, Geography, and Conflict: The Ethnic Power Relations Dataset Family. Journal of Conflict Resolution 59 (7).","http://www.icr.ethz.ch/data"
"downgraded2","Binary flag indicating whether this group has lost power (according to the status_pwrrank variable) in the previous 2 years","EPR","Ethnic Power-Relations Dataset","v2018","Vogt et al. (2015)","Vogt, M., N.-C. Bormann, S. Ruegger, L.-E. Cederman, P. Hunziker, and L. Girardin. (2015). Integrating Data on Ethnicity, Geography, and Conflict: The Ethnic Power Relations Dataset Family. Journal of Conflict Resolution 59 (7).","http://www.icr.ethz.ch/data"
"downgraded_excl2","Binary flag indicating whether this group has been downgraded from EGIP to MEG in the previous 2 years","EPR","Ethnic Power-Relations Dataset","v2018","Vogt et al. (2015)","Vogt, M., N.-C. Bormann, S. Ruegger, L.-E. Cederman, P. Hunziker, and L. Girardin. (2015). Integrating Data on Ethnicity, Geography, and Conflict: The Ethnic Power Relations Dataset Family. Journal of Conflict Resolution 59 (7).","http://www.icr.ethz.ch/data"
"downgraded_regaut2","Binary flag indicating whether group has lost political autnomy in the previous 2 years","EPR","Ethnic Power-Relations Dataset","v2018","Vogt et al. (2015)","Vogt, M., N.-C. Bormann, S. Ruegger, L.-E. Cederman, P. Hunziker, and L. Girardin. (2015). Integrating Data on Ethnicity, Geography, and Conflict: The Ethnic Power Relations Dataset Family. Journal of Conflict Resolution 59 (7).","http://www.icr.ethz.ch/data"
"upgraded2","Binary flag indicating whether this group has gained power (according to the status_pwrrank variable) in the previous 2 years","EPR","Ethnic Power-Relations Dataset","v2018","Vogt et al. (2015)","Vogt, M., N.-C. Bormann, S. Ruegger, L.-E. Cederman, P. Hunziker, and L. Girardin. (2015). Integrating Data on Ethnicity, Geography, and Conflict: The Ethnic Power Relations Dataset Family. Journal of Conflict Resolution 59 (7).","http://www.icr.ethz.ch/data"
"upgraded_excl2","Binary flag indicating whether this group has been upgraded from MEG to EGIP in the previous 2 years","EPR","Ethnic Power-Relations Dataset","v2018","Vogt et al. (2015)","Vogt, M., N.-C. Bormann, S. Ruegger, L.-E. Cederman, P. Hunziker, and L. Girardin. (2015). Integrating Data on Ethnicity, Geography, and Conflict: The Ethnic Power Relations Dataset Family. Journal of Conflict Resolution 59 (7).","http://www.icr.ethz.ch/data"
"upgraded_regaut2","Binary flag indicating whether group has gained political autnomy in the previous 2 years","EPR","Ethnic Power-Relations Dataset","v2018","Vogt et al. (2015)","Vogt, M., N.-C. Bormann, S. Ruegger, L.-E. Cederman, P. Hunziker, and L. Girardin. (2015). Integrating Data on Ethnicity, Geography, and Conflict: The Ethnic Power Relations Dataset Family. Journal of Conflict Resolution 59 (7).","http://www.icr.ethz.ch/data"
"downgraded5","Binary flag indicating whether this group has lost power (according to the status_pwrrank variable) in the previous 5 years","EPR","Ethnic Power-Relations Dataset","v2018","Vogt et al. (2015)","Vogt, M., N.-C. Bormann, S. Ruegger, L.-E. Cederman, P. Hunziker, and L. Girardin. (2015). Integrating Data on Ethnicity, Geography, and Conflict: The Ethnic Power Relations Dataset Family. Journal of Conflict Resolution 59 (7).","http://www.icr.ethz.ch/data"
"downgraded_excl5","Binary flag indicating whether this group has been downgraded from EGIP to MEG in the previous 5 years","EPR","Ethnic Power-Relations Dataset","v2018","Vogt et al. (2015)","Vogt, M., N.-C. Bormann, S. Ruegger, L.-E. Cederman, P. Hunziker, and L. Girardin. (2015). Integrating Data on Ethnicity, Geography, and Conflict: The Ethnic Power Relations Dataset Family. Journal of Conflict Resolution 59 (7).","http://www.icr.ethz.ch/data"
"downgraded_regaut5","Binary flag indicating whether group has lost political autnomy in the previous 5 years.","EPR","Ethnic Power-Relations Dataset","v2018","Vogt et al. (2015)","Vogt, M., N.-C. Bormann, S. Ruegger, L.-E. Cederman, P. Hunziker, and L. Girardin. (2015). Integrating Data on Ethnicity, Geography, and Conflict: The Ethnic Power Relations Dataset Family. Journal of Conflict Resolution 59 (7).","http://www.icr.ethz.ch/data"
"upgraded5","Binary flag indicating whether this group has gained power (according to the status_pwrrank variable) in the previous 5 years","EPR","Ethnic Power-Relations Dataset","v2018","Vogt et al. (2015)","Vogt, M., N.-C. Bormann, S. Ruegger, L.-E. Cederman, P. Hunziker, and L. Girardin. (2015). Integrating Data on Ethnicity, Geography, and Conflict: The Ethnic Power Relations Dataset Family. Journal of Conflict Resolution 59 (7).","http://www.icr.ethz.ch/data"
"upgraded_excl5","Binary flag indicating whether this group has been upgraded from MEG to EGIP in the previous 5 years","EPR","Ethnic Power-Relations Dataset","v2018","Vogt et al. (2015)","Vogt, M., N.-C. Bormann, S. Ruegger, L.-E. Cederman, P. Hunziker, and L. Girardin. (2015). Integrating Data on Ethnicity, Geography, and Conflict: The Ethnic Power Relations Dataset Family. Journal of Conflict Resolution 59 (7).","http://www.icr.ethz.ch/data"
"upgraded_regaut5","Binary flag indicating whether group has gained political autnomy in the previous 5 years","EPR","Ethnic Power-Relations Dataset","v2018","Vogt et al. (2015)","Vogt, M., N.-C. Bormann, S. Ruegger, L.-E. Cederman, P. Hunziker, and L. Girardin. (2015). Integrating Data on Ethnicity, Geography, and Conflict: The Ethnic Power Relations Dataset Family. Journal of Conflict Resolution 59 (7).","http://www.icr.ethz.ch/data"
"downgraded10","Binary flag indicating whether this group has lost power (according to the status_pwrrank variable) in the previous 10 years","EPR","Ethnic Power-Relations Dataset","v2018","Vogt et al. (2015)","Vogt, M., N.-C. Bormann, S. Ruegger, L.-E. Cederman, P. Hunziker, and L. Girardin. (2015). Integrating Data on Ethnicity, Geography, and Conflict: The Ethnic Power Relations Dataset Family. Journal of Conflict Resolution 59 (7).","http://www.icr.ethz.ch/data"
"downgraded_excl10","Binary flag indicating whether this group has been downgraded from EGIP to MEG in the previous 10 years","EPR","Ethnic Power-Relations Dataset","v2018","Vogt et al. (2015)","Vogt, M., N.-C. Bormann, S. Ruegger, L.-E. Cederman, P. Hunziker, and L. Girardin. (2015). Integrating Data on Ethnicity, Geography, and Conflict: The Ethnic Power Relations Dataset Family. Journal of Conflict Resolution 59 (7).","http://www.icr.ethz.ch/data"
"downgraded_regaut10","Binary flag indicating whether group has lost political autnomy in the previous 10 years.","EPR","Ethnic Power-Relations Dataset","v2018","Vogt et al. (2015)","Vogt, M., N.-C. Bormann, S. Ruegger, L.-E. Cederman, P. Hunziker, and L. Girardin. (2015). Integrating Data on Ethnicity, Geography, and Conflict: The Ethnic Power Relations Dataset Family. Journal of Conflict Resolution 59 (7).","http://www.icr.ethz.ch/data"
"upgraded10","Binary flag indicating whether this group has gained power (according to the status_pwrrank variable) in the previous 10 years","EPR","Ethnic Power-Relations Dataset","v2018","Vogt et al. (2015)","Vogt, M., N.-C. Bormann, S. Ruegger, L.-E. Cederman, P. Hunziker, and L. Girardin. (2015). Integrating Data on Ethnicity, Geography, and Conflict: The Ethnic Power Relations Dataset Family. Journal of Conflict Resolution 59 (7).","http://www.icr.ethz.ch/data"
"upgraded_excl10","Binary flag indicating whether this group has been upgraded from MEG to EGIP in the previous 10 years","EPR","Ethnic Power-Relations Dataset","v2018","Vogt et al. (2015)","Vogt, M., N.-C. Bormann, S. Ruegger, L.-E. Cederman, P. Hunziker, and L. Girardin. (2015). Integrating Data on Ethnicity, Geography, and Conflict: The Ethnic Power Relations Dataset Family. Journal of Conflict Resolution 59 (7).","http://www.icr.ethz.ch/data"
"upgraded_regaut10","Binary flag indicating whether group has gained political autnomy in the previous 10 years","EPR","Ethnic Power-Relations Dataset","v2018","Vogt et al. (2015)","Vogt, M., N.-C. Bormann, S. Ruegger, L.-E. Cederman, P. Hunziker, and L. Girardin. (2015). Integrating Data on Ethnicity, Geography, and Conflict: The Ethnic Power Relations Dataset Family. Journal of Conflict Resolution 59 (7).","http://www.icr.ethz.ch/data"
"downgraded_hist","Binary flag indicating whether this group has ever lost power (according to the status_pwrrank variable) since its first appearance in the EPR dataset","EPR","Ethnic Power-Relations Dataset","v2018","Vogt et al. (2015)","Vogt, M., N.-C. Bormann, S. Ruegger, L.-E. Cederman, P. Hunziker, and L. Girardin. (2015). Integrating Data on Ethnicity, Geography, and Conflict: The Ethnic Power Relations Dataset Family. Journal of Conflict Resolution 59 (7).","http://www.icr.ethz.ch/data"
"downgraded_excl_hist","Binary flag indicating whether this group has ever been downgraded from EGIP to MEG since its first appearance in the EPR dataset","EPR","Ethnic Power-Relations Dataset","v2018","Vogt et al. (2015)","Vogt, M., N.-C. Bormann, S. Ruegger, L.-E. Cederman, P. Hunziker, and L. Girardin. (2015). Integrating Data on Ethnicity, Geography, and Conflict: The Ethnic Power Relations Dataset Family. Journal of Conflict Resolution 59 (7).","http://www.icr.ethz.ch/data"
"downgraded_regaut_hist","Binary flag indicating whether this group has ever lost autonomy since its first appearance in the EPR dataset","EPR","Ethnic Power-Relations Dataset","v2018","Vogt et al. (2015)","Vogt, M., N.-C. Bormann, S. Ruegger, L.-E. Cederman, P. Hunziker, and L. Girardin. (2015). Integrating Data on Ethnicity, Geography, and Conflict: The Ethnic Power Relations Dataset Family. Journal of Conflict Resolution 59 (7).","http://www.icr.ethz.ch/data"
"upgraded_hist","Binary flag indicating whether this group has ever gained power (according to the status_pwrrank variable) since its first appearance in the EPR dataset","EPR","Ethnic Power-Relations Dataset","v2018","Vogt et al. (2015)","Vogt, M., N.-C. Bormann, S. Ruegger, L.-E. Cederman, P. Hunziker, and L. Girardin. (2015). Integrating Data on Ethnicity, Geography, and Conflict: The Ethnic Power Relations Dataset Family. Journal of Conflict Resolution 59 (7).","http://www.icr.ethz.ch/data"
"upgraded_excl_hist","Binary flag indicating whether this group has ever been upgraded from MEG to EGIP since its first appearance in the EPR dataset","EPR","Ethnic Power-Relations Dataset","v2018","Vogt et al. (2015)","Vogt, M., N.-C. Bormann, S. Ruegger, L.-E. Cederman, P. Hunziker, and L. Girardin. (2015). Integrating Data on Ethnicity, Geography, and Conflict: The Ethnic Power Relations Dataset Family. Journal of Conflict Resolution 59 (7).","http://www.icr.ethz.ch/data"
"upgraded_regaut_hist","Binary flag indicating whether this group has ever gained autonomy since its first appearance in the EPR dataset","EPR","Ethnic Power-Relations Dataset","v2018","Vogt et al. (2015)","Vogt, M., N.-C. Bormann, S. Ruegger, L.-E. Cederman, P. Hunziker, and L. Girardin. (2015). Integrating Data on Ethnicity, Geography, and Conflict: The Ethnic Power Relations Dataset Family. Journal of Conflict Resolution 59 (7).","http://www.icr.ethz.ch/data"
"family_downgraded1","Family version of the respective variable described above","EPR","Ethnic Power-Relations Dataset","v2018","Vogt et al. (2015)","Vogt, M., N.-C. Bormann, S. Ruegger, L.-E. Cederman, P. Hunziker, and L. Girardin. (2015). Integrating Data on Ethnicity, Geography, and Conflict: The Ethnic Power Relations Dataset Family. Journal of Conflict Resolution 59 (7).","http://www.icr.ethz.ch/data"
"family_downgraded_excl1","Family version of the respective variable described above","EPR","Ethnic Power-Relations Dataset","v2018","Vogt et al. (2015)","Vogt, M., N.-C. Bormann, S. Ruegger, L.-E. Cederman, P. Hunziker, and L. Girardin. (2015). Integrating Data on Ethnicity, Geography, and Conflict: The Ethnic Power Relations Dataset Family. Journal of Conflict Resolution 59 (7).","http://www.icr.ethz.ch/data"
"family_downgraded_regaut1","Family version of the respective variable described above","EPR","Ethnic Power-Relations Dataset","v2018","Vogt et al. (2015)","Vogt, M., N.-C. Bormann, S. Ruegger, L.-E. Cederman, P. Hunziker, and L. Girardin. (2015). Integrating Data on Ethnicity, Geography, and Conflict: The Ethnic Power Relations Dataset Family. Journal of Conflict Resolution 59 (7).","http://www.icr.ethz.ch/data"
"family_upgraded1","Family version of the respective variable described above","EPR","Ethnic Power-Relations Dataset","v2018","Vogt et al. (2015)","Vogt, M., N.-C. Bormann, S. Ruegger, L.-E. Cederman, P. Hunziker, and L. Girardin. (2015). Integrating Data on Ethnicity, Geography, and Conflict: The Ethnic Power Relations Dataset Family. Journal of Conflict Resolution 59 (7).","http://www.icr.ethz.ch/data"
"family_upgraded_excl1","Family version of the respective variable described above","EPR","Ethnic Power-Relations Dataset","v2018","Vogt et al. (2015)","Vogt, M., N.-C. Bormann, S. Ruegger, L.-E. Cederman, P. Hunziker, and L. Girardin. (2015). Integrating Data on Ethnicity, Geography, and Conflict: The Ethnic Power Relations Dataset Family. Journal of Conflict Resolution 59 (7).","http://www.icr.ethz.ch/data"
"family_upgraded_regaut1","Family version of the respective variable described above","EPR","Ethnic Power-Relations Dataset","v2018","Vogt et al. (2015)","Vogt, M., N.-C. Bormann, S. Ruegger, L.-E. Cederman, P. Hunziker, and L. Girardin. (2015). Integrating Data on Ethnicity, Geography, and Conflict: The Ethnic Power Relations Dataset Family. Journal of Conflict Resolution 59 (7).","http://www.icr.ethz.ch/data"
"family_downgraded2","Family version of the respective variable described above","EPR","Ethnic Power-Relations Dataset","v2018","Vogt et al. (2015)","Vogt, M., N.-C. Bormann, S. Ruegger, L.-E. Cederman, P. Hunziker, and L. Girardin. (2015). Integrating Data on Ethnicity, Geography, and Conflict: The Ethnic Power Relations Dataset Family. Journal of Conflict Resolution 59 (7).","http://www.icr.ethz.ch/data"
"family_downgraded_excl2","Family version of the respective variable described above","EPR","Ethnic Power-Relations Dataset","v2018","Vogt et al. (2015)","Vogt, M., N.-C. Bormann, S. Ruegger, L.-E. Cederman, P. Hunziker, and L. Girardin. (2015). Integrating Data on Ethnicity, Geography, and Conflict: The Ethnic Power Relations Dataset Family. Journal of Conflict Resolution 59 (7).","http://www.icr.ethz.ch/data"
"family_downgraded_regaut2","Family version of the respective variable described above","EPR","Ethnic Power-Relations Dataset","v2018","Vogt et al. (2015)","Vogt, M., N.-C. Bormann, S. Ruegger, L.-E. Cederman, P. Hunziker, and L. Girardin. (2015). Integrating Data on Ethnicity, Geography, and Conflict: The Ethnic Power Relations Dataset Family. Journal of Conflict Resolution 59 (7).","http://www.icr.ethz.ch/data"
"family_upgraded2","Family version of the respective variable described above","EPR","Ethnic Power-Relations Dataset","v2018","Vogt et al. (2015)","Vogt, M., N.-C. Bormann, S. Ruegger, L.-E. Cederman, P. Hunziker, and L. Girardin. (2015). Integrating Data on Ethnicity, Geography, and Conflict: The Ethnic Power Relations Dataset Family. Journal of Conflict Resolution 59 (7).","http://www.icr.ethz.ch/data"
"family_upgraded_excl2","Family version of the respective variable described above","EPR","Ethnic Power-Relations Dataset","v2018","Vogt et al. (2015)","Vogt, M., N.-C. Bormann, S. Ruegger, L.-E. Cederman, P. Hunziker, and L. Girardin. (2015). Integrating Data on Ethnicity, Geography, and Conflict: The Ethnic Power Relations Dataset Family. Journal of Conflict Resolution 59 (7).","http://www.icr.ethz.ch/data"
"family_upgraded_regaut2","Family version of the respective variable described above","EPR","Ethnic Power-Relations Dataset","v2018","Vogt et al. (2015)","Vogt, M., N.-C. Bormann, S. Ruegger, L.-E. Cederman, P. Hunziker, and L. Girardin. (2015). Integrating Data on Ethnicity, Geography, and Conflict: The Ethnic Power Relations Dataset Family. Journal of Conflict Resolution 59 (7).","http://www.icr.ethz.ch/data"
"family_downgraded5","Family version of the respective variable described above","EPR","Ethnic Power-Relations Dataset","v2018","Vogt et al. (2015)","Vogt, M., N.-C. Bormann, S. Ruegger, L.-E. Cederman, P. Hunziker, and L. Girardin. (2015). Integrating Data on Ethnicity, Geography, and Conflict: The Ethnic Power Relations Dataset Family. Journal of Conflict Resolution 59 (7).","http://www.icr.ethz.ch/data"
"family_downgraded_excl5","Family version of the respective variable described above","EPR","Ethnic Power-Relations Dataset","v2018","Vogt et al. (2015)","Vogt, M., N.-C. Bormann, S. Ruegger, L.-E. Cederman, P. Hunziker, and L. Girardin. (2015). Integrating Data on Ethnicity, Geography, and Conflict: The Ethnic Power Relations Dataset Family. Journal of Conflict Resolution 59 (7).","http://www.icr.ethz.ch/data"
"family_downgraded_regaut5","Family version of the respective variable described above","EPR","Ethnic Power-Relations Dataset","v2018","Vogt et al. (2015)","Vogt, M., N.-C. Bormann, S. Ruegger, L.-E. Cederman, P. Hunziker, and L. Girardin. (2015). Integrating Data on Ethnicity, Geography, and Conflict: The Ethnic Power Relations Dataset Family. Journal of Conflict Resolution 59 (7).","http://www.icr.ethz.ch/data"
"family_upgraded5","Family version of the respective variable described above","EPR","Ethnic Power-Relations Dataset","v2018","Vogt et al. (2015)","Vogt, M., N.-C. Bormann, S. Ruegger, L.-E. Cederman, P. Hunziker, and L. Girardin. (2015). Integrating Data on Ethnicity, Geography, and Conflict: The Ethnic Power Relations Dataset Family. Journal of Conflict Resolution 59 (7).","http://www.icr.ethz.ch/data"
"family_upgraded_excl5","Family version of the respective variable described above","EPR","Ethnic Power-Relations Dataset","v2018","Vogt et al. (2015)","Vogt, M., N.-C. Bormann, S. Ruegger, L.-E. Cederman, P. Hunziker, and L. Girardin. (2015). Integrating Data on Ethnicity, Geography, and Conflict: The Ethnic Power Relations Dataset Family. Journal of Conflict Resolution 59 (7).","http://www.icr.ethz.ch/data"
"family_upgraded_regaut5","Family version of the respective variable described above","EPR","Ethnic Power-Relations Dataset","v2018","Vogt et al. (2015)","Vogt, M., N.-C. Bormann, S. Ruegger, L.-E. Cederman, P. Hunziker, and L. Girardin. (2015). Integrating Data on Ethnicity, Geography, and Conflict: The Ethnic Power Relations Dataset Family. Journal of Conflict Resolution 59 (7).","http://www.icr.ethz.ch/data"
"family_downgraded10","Family version of the respective variable described above","EPR","Ethnic Power-Relations Dataset","v2018","Vogt et al. (2015)","Vogt, M., N.-C. Bormann, S. Ruegger, L.-E. Cederman, P. Hunziker, and L. Girardin. (2015). Integrating Data on Ethnicity, Geography, and Conflict: The Ethnic Power Relations Dataset Family. Journal of Conflict Resolution 59 (7).","http://www.icr.ethz.ch/data"
"family_downgraded_excl10","Family version of the respective variable described above","EPR","Ethnic Power-Relations Dataset","v2018","Vogt et al. (2015)","Vogt, M., N.-C. Bormann, S. Ruegger, L.-E. Cederman, P. Hunziker, and L. Girardin. (2015). Integrating Data on Ethnicity, Geography, and Conflict: The Ethnic Power Relations Dataset Family. Journal of Conflict Resolution 59 (7).","http://www.icr.ethz.ch/data"
"family_downgraded_regaut10","Family version of the respective variable described above","EPR","Ethnic Power-Relations Dataset","v2018","Vogt et al. (2015)","Vogt, M., N.-C. Bormann, S. Ruegger, L.-E. Cederman, P. Hunziker, and L. Girardin. (2015). Integrating Data on Ethnicity, Geography, and Conflict: The Ethnic Power Relations Dataset Family. Journal of Conflict Resolution 59 (7).","http://www.icr.ethz.ch/data"
"family_upgraded10","Family version of the respective variable described above","EPR","Ethnic Power-Relations Dataset","v2018","Vogt et al. (2015)","Vogt, M., N.-C. Bormann, S. Ruegger, L.-E. Cederman, P. Hunziker, and L. Girardin. (2015). Integrating Data on Ethnicity, Geography, and Conflict: The Ethnic Power Relations Dataset Family. Journal of Conflict Resolution 59 (7).","http://www.icr.ethz.ch/data"
"family_upgraded_excl10","Family version of the respective variable described above","EPR","Ethnic Power-Relations Dataset","v2018","Vogt et al. (2015)","Vogt, M., N.-C. Bormann, S. Ruegger, L.-E. Cederman, P. Hunziker, and L. Girardin. (2015). Integrating Data on Ethnicity, Geography, and Conflict: The Ethnic Power Relations Dataset Family. Journal of Conflict Resolution 59 (7).","http://www.icr.ethz.ch/data"
"family_upgraded_regaut10","Family version of the respective variable described above","EPR","Ethnic Power-Relations Dataset","v2018","Vogt et al. (2015)","Vogt, M., N.-C. Bormann, S. Ruegger, L.-E. Cederman, P. Hunziker, and L. Girardin. (2015). Integrating Data on Ethnicity, Geography, and Conflict: The Ethnic Power Relations Dataset Family. Journal of Conflict Resolution 59 (7).","http://www.icr.ethz.ch/data"
"family_isrelevant","Family version of the respective variable described above","EPR","Ethnic Power-Relations Dataset","v2018","Vogt et al. (2015)","Vogt, M., N.-C. Bormann, S. Ruegger, L.-E. Cederman, P. Hunziker, and L. Girardin. (2015). Integrating Data on Ethnicity, Geography, and Conflict: The Ethnic Power Relations Dataset Family. Journal of Conflict Resolution 59 (7).","http://www.icr.ethz.ch/data"
"active_anc_groupid","String indicating groupid of currently active ancestor of this group","EPR","Ethnic Power-Relations Dataset","v2018","Vogt et al. (2015)","Vogt, M., N.-C. Bormann, S. Ruegger, L.-E. Cederman, P. Hunziker, and L. Girardin. (2015). Integrating Data on Ethnicity, Geography, and Conflict: The Ethnic Power Relations Dataset Family. Journal of Conflict Resolution 59 (7).","http://www.icr.ethz.ch/data"
"active_des_groupid_arr","String indicating comma-separated groupids of currently active descendants of this group","EPR","Ethnic Power-Relations Dataset","v2018","Vogt et al. (2015)","Vogt, M., N.-C. Bormann, S. Ruegger, L.-E. Cederman, P. Hunziker, and L. Girardin. (2015). Integrating Data on Ethnicity, Geography, and Conflict: The Ethnic Power Relations Dataset Family. Journal of Conflict Resolution 59 (7).","http://www.icr.ethz.ch/data"
"relevant_anc_groupid","String indicating groupid of currently relevant ancestor of this group","EPR","Ethnic Power-Relations Dataset","v2018","Vogt et al. (2015)","Vogt, M., N.-C. Bormann, S. Ruegger, L.-E. Cederman, P. Hunziker, and L. Girardin. (2015). Integrating Data on Ethnicity, Geography, and Conflict: The Ethnic Power Relations Dataset Family. Journal of Conflict Resolution 59 (7).","http://www.icr.ethz.ch/data"
"relevant_des_groupid_arr","String indicating comma-separated groupids of currently relevant descendants of this group","EPR","Ethnic Power-Relations Dataset","v2018","Vogt et al. (2015)","Vogt, M., N.-C. Bormann, S. Ruegger, L.-E. Cederman, P. Hunziker, and L. Girardin. (2015). Integrating Data on Ethnicity, Geography, and Conflict: The Ethnic Power Relations Dataset Family. Journal of Conflict Resolution 59 (7).","http://www.icr.ethz.ch/data"
"onset_ko_flag","Binary flag indicating group-level conflict onset / ko option","ACD2EPR","ACD2EPR Docking Dataset","v2018","Wucherpfenning et al. (2011)","Wucherpfennig, J., N. Metternich, L.-E. Cederman, and K. S. Gleditsch (2012). Ethnicity, the state and the duration of civil war. World Politics 64 (1).","http://www.icr.ethz.ch/data"
"onset_ko_flag","Binary flag indicating group-level conflict onset / ko option","ACD","UCDP Armed Conflict Dataset","v17.2","Gleditsch et al. (2002)","Gleditsch, N. P., P. Wallensteen, M. Eriksson, M. Sollenberg, and H. Strand (2002). Armed conflict 1946-2001: A new dataset. Journal of Peace Research 39 (5).","http://www.pcr.uu.se/research/ucdp/datasets/"
"onset_ko_terr_flag","Binary flag indicating group-level territorial conflict onset / ko option","ACD","UCDP Armed Conflict Dataset","v17.2","Gleditsch et al. (2002)","Gleditsch, N. P., P. Wallensteen, M. Eriksson, M. Sollenberg, and H. Strand (2002). Armed conflict 1946-2001: A new dataset. Journal of Peace Research 39 (5).","http://www.pcr.uu.se/research/ucdp/datasets/"
"onset_ko_terr_flag","Binary flag indicating group-level territorial conflict onset / ko option","ACD2EPR","ACD2EPR Docking Dataset","v2018","Wucherpfenning et al. (2011)","Wucherpfennig, J., N. Metternich, L.-E. Cederman, and K. S. Gleditsch (2012). Ethnicity, the state and the duration of civil war. World Politics 64 (1).","http://www.icr.ethz.ch/data"
"onset_ko_gov_flag","Binary flag indicating group-level governmental conflict onset / ko option","ACD2EPR","ACD2EPR Docking Dataset","v2018","Wucherpfenning et al. (2011)","Wucherpfennig, J., N. Metternich, L.-E. Cederman, and K. S. Gleditsch (2012). Ethnicity, the state and the duration of civil war. World Politics 64 (1).","http://www.icr.ethz.ch/data"
"onset_ko_gov_flag","Binary flag indicating group-level governmental conflict onset / ko option","ACD","UCDP Armed Conflict Dataset","v17.2","Gleditsch et al. (2002)","Gleditsch, N. P., P. Wallensteen, M. Eriksson, M. Sollenberg, and H. Strand (2002). Armed conflict 1946-2001: A new dataset. Journal of Peace Research 39 (5).","http://www.pcr.uu.se/research/ucdp/datasets/"
"incidence_flag","Binary flag indicating ongoing group-level conflict","ACD","UCDP Armed Conflict Dataset","v17.2","Gleditsch et al. (2002)","Gleditsch, N. P., P. Wallensteen, M. Eriksson, M. Sollenberg, and H. Strand (2002). Armed conflict 1946-2001: A new dataset. Journal of Peace Research 39 (5).","http://www.pcr.uu.se/research/ucdp/datasets/"
"incidence_flag","Binary flag indicating ongoing group-level conflict","ACD2EPR","ACD2EPR Docking Dataset","v2018","Wucherpfenning et al. (2011)","Wucherpfennig, J., N. Metternich, L.-E. Cederman, and K. S. Gleditsch (2012). Ethnicity, the state and the duration of civil war. World Politics 64 (1).","http://www.icr.ethz.ch/data"
"incidence_terr_flag","Binary flag indicating ongoing territorial group-level conflict","ACD2EPR","ACD2EPR Docking Dataset","v2018","Wucherpfenning et al. (2011)","Wucherpfennig, J., N. Metternich, L.-E. Cederman, and K. S. Gleditsch (2012). Ethnicity, the state and the duration of civil war. World Politics 64 (1).","http://www.icr.ethz.ch/data"
"incidence_terr_flag","Binary flag indicating ongoing territorial group-level conflict","ACD","UCDP Armed Conflict Dataset","v17.2","Gleditsch et al. (2002)","Gleditsch, N. P., P. Wallensteen, M. Eriksson, M. Sollenberg, and H. Strand (2002). Armed conflict 1946-2001: A new dataset. Journal of Peace Research 39 (5).","http://www.pcr.uu.se/research/ucdp/datasets/"
"incidence_gov_flag","Binary flag indicating ongoing governmental group-level conflict","ACD","UCDP Armed Conflict Dataset","v17.2","Gleditsch et al. (2002)","Gleditsch, N. P., P. Wallensteen, M. Eriksson, M. Sollenberg, and H. Strand (2002). Armed conflict 1946-2001: A new dataset. Journal of Peace Research 39 (5).","http://www.pcr.uu.se/research/ucdp/datasets/"
"incidence_gov_flag","Binary flag indicating ongoing governmental group-level conflict","ACD2EPR","ACD2EPR Docking Dataset","v2018","Wucherpfenning et al. (2011)","Wucherpfennig, J., N. Metternich, L.-E. Cederman, and K. S. Gleditsch (2012). Ethnicity, the state and the duration of civil war. World Politics 64 (1).","http://www.icr.ethz.ch/data"
"onset_do_flag","Binary flag indicating group-level conflict onset / do option","ACD2EPR","ACD2EPR Docking Dataset","v2018","Wucherpfenning et al. (2011)","Wucherpfennig, J., N. Metternich, L.-E. Cederman, and K. S. Gleditsch (2012). Ethnicity, the state and the duration of civil war. World Politics 64 (1).","http://www.icr.ethz.ch/data"
"onset_do_flag","Binary flag indicating group-level conflict onset / do option","ACD","UCDP Armed Conflict Dataset","v17.2","Gleditsch et al. (2002)","Gleditsch, N. P., P. Wallensteen, M. Eriksson, M. Sollenberg, and H. Strand (2002). Armed conflict 1946-2001: A new dataset. Journal of Peace Research 39 (5).","http://www.pcr.uu.se/research/ucdp/datasets/"
"onset_do_terr_flag","Binary flag indicating group-level territorial conflict onset / do option","ACD","UCDP Armed Conflict Dataset","v17.2","Gleditsch et al. (2002)","Gleditsch, N. P., P. Wallensteen, M. Eriksson, M. Sollenberg, and H. Strand (2002). Armed conflict 1946-2001: A new dataset. Journal of Peace Research 39 (5).","http://www.pcr.uu.se/research/ucdp/datasets/"
"onset_do_terr_flag","Binary flag indicating group-level territorial conflict onset / do option","ACD2EPR","ACD2EPR Docking Dataset","v2018","Wucherpfenning et al. (2011)","Wucherpfennig, J., N. Metternich, L.-E. Cederman, and K. S. Gleditsch (2012). Ethnicity, the state and the duration of civil war. World Politics 64 (1).","http://www.icr.ethz.ch/data"
"onset_do_gov_flag","Binary flag indicating group-level governmental conflict onset / do option","ACD","UCDP Armed Conflict Dataset","v17.2","Gleditsch et al. (2002)","Gleditsch, N. P., P. Wallensteen, M. Eriksson, M. Sollenberg, and H. Strand (2002). Armed conflict 1946-2001: A new dataset. Journal of Peace Research 39 (5).","http://www.pcr.uu.se/research/ucdp/datasets/"
"onset_do_gov_flag","Binary flag indicating group-level governmental conflict onset / do option","ACD2EPR","ACD2EPR Docking Dataset","v2018","Wucherpfenning et al. (2011)","Wucherpfennig, J., N. Metternich, L.-E. Cederman, and K. S. Gleditsch (2012). Ethnicity, the state and the duration of civil war. World Politics 64 (1).","http://www.icr.ethz.ch/data"
"family_onset_ko_flag","Family version of the respective variable described above","ACD","UCDP Armed Conflict Dataset","v17.2","Gleditsch et al. (2002)","Gleditsch, N. P., P. Wallensteen, M. Eriksson, M. Sollenberg, and H. Strand (2002). Armed conflict 1946-2001: A new dataset. Journal of Peace Research 39 (5).","http://www.pcr.uu.se/research/ucdp/datasets/"
"family_onset_ko_flag","Family version of the respective variable described above","ACD2EPR","ACD2EPR Docking Dataset","v2018","Wucherpfenning et al. (2011)","Wucherpfennig, J., N. Metternich, L.-E. Cederman, and K. S. Gleditsch (2012). Ethnicity, the state and the duration of civil war. World Politics 64 (1).","http://www.icr.ethz.ch/data"
"family_onset_ko_terr_flag","Family version of the respective variable described above","ACD","UCDP Armed Conflict Dataset","v17.2","Gleditsch et al. (2002)","Gleditsch, N. P., P. Wallensteen, M. Eriksson, M. Sollenberg, and H. Strand (2002). Armed conflict 1946-2001: A new dataset. Journal of Peace Research 39 (5).","http://www.pcr.uu.se/research/ucdp/datasets/"
"family_onset_ko_terr_flag","Family version of the respective variable described above","ACD2EPR","ACD2EPR Docking Dataset","v2018","Wucherpfenning et al. (2011)","Wucherpfennig, J., N. Metternich, L.-E. Cederman, and K. S. Gleditsch (2012). Ethnicity, the state and the duration of civil war. World Politics 64 (1).","http://www.icr.ethz.ch/data"
"family_onset_ko_gov_flag","Family version of the respective variable described above","ACD","UCDP Armed Conflict Dataset","v17.2","Gleditsch et al. (2002)","Gleditsch, N. P., P. Wallensteen, M. Eriksson, M. Sollenberg, and H. Strand (2002). Armed conflict 1946-2001: A new dataset. Journal of Peace Research 39 (5).","http://www.pcr.uu.se/research/ucdp/datasets/"
"family_onset_ko_gov_flag","Family version of the respective variable described above","ACD2EPR","ACD2EPR Docking Dataset","v2018","Wucherpfenning et al. (2011)","Wucherpfennig, J., N. Metternich, L.-E. Cederman, and K. S. Gleditsch (2012). Ethnicity, the state and the duration of civil war. World Politics 64 (1).","http://www.icr.ethz.ch/data"
"family_incidence_flag","Family version of the respective variable described above","ACD","UCDP Armed Conflict Dataset","v17.2","Gleditsch et al. (2002)","Gleditsch, N. P., P. Wallensteen, M. Eriksson, M. Sollenberg, and H. Strand (2002). Armed conflict 1946-2001: A new dataset. Journal of Peace Research 39 (5).","http://www.pcr.uu.se/research/ucdp/datasets/"
"family_incidence_flag","Family version of the respective variable described above","ACD2EPR","ACD2EPR Docking Dataset","v2018","Wucherpfenning et al. (2011)","Wucherpfennig, J., N. Metternich, L.-E. Cederman, and K. S. Gleditsch (2012). Ethnicity, the state and the duration of civil war. World Politics 64 (1).","http://www.icr.ethz.ch/data"
"family_incidence_terr_flag","Family version of the respective variable described above","ACD","UCDP Armed Conflict Dataset","v17.2","Gleditsch et al. (2002)","Gleditsch, N. P., P. Wallensteen, M. Eriksson, M. Sollenberg, and H. Strand (2002). Armed conflict 1946-2001: A new dataset. Journal of Peace Research 39 (5).","http://www.pcr.uu.se/research/ucdp/datasets/"
"family_incidence_terr_flag","Family version of the respective variable described above","ACD2EPR","ACD2EPR Docking Dataset","v2018","Wucherpfenning et al. (2011)","Wucherpfennig, J., N. Metternich, L.-E. Cederman, and K. S. Gleditsch (2012). Ethnicity, the state and the duration of civil war. World Politics 64 (1).","http://www.icr.ethz.ch/data"
"family_incidence_gov_flag","Family version of the respective variable described above","ACD","UCDP Armed Conflict Dataset","v17.2","Gleditsch et al. (2002)","Gleditsch, N. P., P. Wallensteen, M. Eriksson, M. Sollenberg, and H. Strand (2002). Armed conflict 1946-2001: A new dataset. Journal of Peace Research 39 (5).","http://www.pcr.uu.se/research/ucdp/datasets/"
"family_incidence_gov_flag","Family version of the respective variable described above","ACD2EPR","ACD2EPR Docking Dataset","v2018","Wucherpfenning et al. (2011)","Wucherpfennig, J., N. Metternich, L.-E. Cederman, and K. S. Gleditsch (2012). Ethnicity, the state and the duration of civil war. World Politics 64 (1).","http://www.icr.ethz.ch/data"
"warhist","Count variable indicating number of conflict onsets this group has previously experienced","ACD","UCDP Armed Conflict Dataset","v17.2","Gleditsch et al. (2002)","Gleditsch, N. P., P. Wallensteen, M. Eriksson, M. Sollenberg, and H. Strand (2002). Armed conflict 1946-2001: A new dataset. Journal of Peace Research 39 (5).","http://www.pcr.uu.se/research/ucdp/datasets/"
"warhist","Count variable indicating number of conflict onsets this group has previously experienced","ACD2EPR","ACD2EPR Docking Dataset","v2018","Wucherpfenning et al. (2011)","Wucherpfennig, J., N. Metternich, L.-E. Cederman, and K. S. Gleditsch (2012). Ethnicity, the state and the duration of civil war. World Politics 64 (1).","http://www.icr.ethz.ch/data"
"warhist_terr","Count variable indicating number of territorial conflict onsets this group has previously experienced","ACD","UCDP Armed Conflict Dataset","v17.2","Gleditsch et al. (2002)","Gleditsch, N. P., P. Wallensteen, M. Eriksson, M. Sollenberg, and H. Strand (2002). Armed conflict 1946-2001: A new dataset. Journal of Peace Research 39 (5).","http://www.pcr.uu.se/research/ucdp/datasets/"
"warhist_terr","Count variable indicating number of territorial conflict onsets this group has previously experienced","ACD2EPR","ACD2EPR Docking Dataset","v2018","Wucherpfenning et al. (2011)","Wucherpfennig, J., N. Metternich, L.-E. Cederman, and K. S. Gleditsch (2012). Ethnicity, the state and the duration of civil war. World Politics 64 (1).","http://www.icr.ethz.ch/data"
"warhist_gov","Count variable indicating number of governmental conflict onsets this group has previously experienced","ACD","UCDP Armed Conflict Dataset","v17.2","Gleditsch et al. (2002)","Gleditsch, N. P., P. Wallensteen, M. Eriksson, M. Sollenberg, and H. Strand (2002). Armed conflict 1946-2001: A new dataset. Journal of Peace Research 39 (5).","http://www.pcr.uu.se/research/ucdp/datasets/"
"warhist_gov","Count variable indicating number of governmental conflict onsets this group has previously experienced","ACD2EPR","ACD2EPR Docking Dataset","v2018","Wucherpfenning et al. (2011)","Wucherpfennig, J., N. Metternich, L.-E. Cederman, and K. S. Gleditsch (2012). Ethnicity, the state and the duration of civil war. World Politics 64 (1).","http://www.icr.ethz.ch/data"
"family_warhist","Family version of the respective variable described above","ACD","UCDP Armed Conflict Dataset","v17.2","Gleditsch et al. (2002)","Gleditsch, N. P., P. Wallensteen, M. Eriksson, M. Sollenberg, and H. Strand (2002). Armed conflict 1946-2001: A new dataset. Journal of Peace Research 39 (5).","http://www.pcr.uu.se/research/ucdp/datasets/"
"family_warhist","Family version of the respective variable described above","ACD2EPR","ACD2EPR Docking Dataset","v2018","Wucherpfenning et al. (2011)","Wucherpfennig, J., N. Metternich, L.-E. Cederman, and K. S. Gleditsch (2012). Ethnicity, the state and the duration of civil war. World Politics 64 (1).","http://www.icr.ethz.ch/data"
"family_warhist_terr","Family version of the respective variable described above","ACD","UCDP Armed Conflict Dataset","v17.2","Gleditsch et al. (2002)","Gleditsch, N. P., P. Wallensteen, M. Eriksson, M. Sollenberg, and H. Strand (2002). Armed conflict 1946-2001: A new dataset. Journal of Peace Research 39 (5).","http://www.pcr.uu.se/research/ucdp/datasets/"
"family_warhist_terr","Family version of the respective variable described above","ACD2EPR","ACD2EPR Docking Dataset","v2018","Wucherpfenning et al. (2011)","Wucherpfennig, J., N. Metternich, L.-E. Cederman, and K. S. Gleditsch (2012). Ethnicity, the state and the duration of civil war. World Politics 64 (1).","http://www.icr.ethz.ch/data"
"family_warhist_gov","Family version of the respective variable described above","ACD","UCDP Armed Conflict Dataset","v17.2","Gleditsch et al. (2002)","Gleditsch, N. P., P. Wallensteen, M. Eriksson, M. Sollenberg, and H. Strand (2002). Armed conflict 1946-2001: A new dataset. Journal of Peace Research 39 (5).","http://www.pcr.uu.se/research/ucdp/datasets/"
"family_warhist_gov","Family version of the respective variable described above","ACD2EPR","ACD2EPR Docking Dataset","v2018","Wucherpfenning et al. (2011)","Wucherpfennig, J., N. Metternich, L.-E. Cederman, and K. S. Gleditsch (2012). Ethnicity, the state and the duration of civil war. World Politics 64 (1).","http://www.icr.ethz.ch/data"
"peaceyears","Years since group first appears in dataset or since the end of the last ongoing conflict episode","ACD","UCDP Armed Conflict Dataset","v17.2","Gleditsch et al. (2002)","Gleditsch, N. P., P. Wallensteen, M. Eriksson, M. Sollenberg, and H. Strand (2002). Armed conflict 1946-2001: A new dataset. Journal of Peace Research 39 (5).","http://www.pcr.uu.se/research/ucdp/datasets/"
"peaceyears","Years since group first appears in dataset or since the end of the last ongoing conflict episode","ACD2EPR","ACD2EPR Docking Dataset","v2018","Wucherpfenning et al. (2011)","Wucherpfennig, J., N. Metternich, L.-E. Cederman, and K. S. Gleditsch (2012). Ethnicity, the state and the duration of civil war. World Politics 64 (1).","http://www.icr.ethz.ch/data"
"peaceyears_terr","Years since group first appears in dataset or since the end of the last ongoing territorial conflict episode","ACD2EPR","ACD2EPR Docking Dataset","v2018","Wucherpfenning et al. (2011)","Wucherpfennig, J., N. Metternich, L.-E. Cederman, and K. S. Gleditsch (2012). Ethnicity, the state and the duration of civil war. World Politics 64 (1).","http://www.icr.ethz.ch/data"
"peaceyears_terr","Years since group first appears in dataset or since the end of the last ongoing territorial conflict episode","ACD","UCDP Armed Conflict Dataset","v17.2","Gleditsch et al. (2002)","Gleditsch, N. P., P. Wallensteen, M. Eriksson, M. Sollenberg, and H. Strand (2002). Armed conflict 1946-2001: A new dataset. Journal of Peace Research 39 (5).","http://www.pcr.uu.se/research/ucdp/datasets/"
"peaceyears_gov","Years since group first appears in dataset or since the end of the last ongoing governmental conflict episode","ACD","UCDP Armed Conflict Dataset","v17.2","Gleditsch et al. (2002)","Gleditsch, N. P., P. Wallensteen, M. Eriksson, M. Sollenberg, and H. Strand (2002). Armed conflict 1946-2001: A new dataset. Journal of Peace Research 39 (5).","http://www.pcr.uu.se/research/ucdp/datasets/"
"peaceyears_gov","Years since group first appears in dataset or since the end of the last ongoing governmental conflict episode","ACD2EPR","ACD2EPR Docking Dataset","v2018","Wucherpfenning et al. (2011)","Wucherpfennig, J., N. Metternich, L.-E. Cederman, and K. S. Gleditsch (2012). Ethnicity, the state and the duration of civil war. World Politics 64 (1).","http://www.icr.ethz.ch/data"
"family_peaceyears","Family version of the respective variable described above","ACD","UCDP Armed Conflict Dataset","v17.2","Gleditsch et al. (2002)","Gleditsch, N. P., P. Wallensteen, M. Eriksson, M. Sollenberg, and H. Strand (2002). Armed conflict 1946-2001: A new dataset. Journal of Peace Research 39 (5).","http://www.pcr.uu.se/research/ucdp/datasets/"
"family_peaceyears","Family version of the respective variable described above","ACD2EPR","ACD2EPR Docking Dataset","v2018","Wucherpfenning et al. (2011)","Wucherpfennig, J., N. Metternich, L.-E. Cederman, and K. S. Gleditsch (2012). Ethnicity, the state and the duration of civil war. World Politics 64 (1).","http://www.icr.ethz.ch/data"
"family_peaceyears_terr","Family version of the respective variable described above","ACD","UCDP Armed Conflict Dataset","v17.2","Gleditsch et al. (2002)","Gleditsch, N. P., P. Wallensteen, M. Eriksson, M. Sollenberg, and H. Strand (2002). Armed conflict 1946-2001: A new dataset. Journal of Peace Research 39 (5).","http://www.pcr.uu.se/research/ucdp/datasets/"
"family_peaceyears_terr","Family version of the respective variable described above","ACD2EPR","ACD2EPR Docking Dataset","v2018","Wucherpfenning et al. (2011)","Wucherpfennig, J., N. Metternich, L.-E. Cederman, and K. S. Gleditsch (2012). Ethnicity, the state and the duration of civil war. World Politics 64 (1).","http://www.icr.ethz.ch/data"
"family_peaceyears_gov","Family version of the respective variable described above","ACD","UCDP Armed Conflict Dataset","v17.2","Gleditsch et al. (2002)","Gleditsch, N. P., P. Wallensteen, M. Eriksson, M. Sollenberg, and H. Strand (2002). Armed conflict 1946-2001: A new dataset. Journal of Peace Research 39 (5).","http://www.pcr.uu.se/research/ucdp/datasets/"
"family_peaceyears_gov","Family version of the respective variable described above","ACD2EPR","ACD2EPR Docking Dataset","v2018","Wucherpfenning et al. (2011)","Wucherpfennig, J., N. Metternich, L.-E. Cederman, and K. S. Gleditsch (2012). Ethnicity, the state and the duration of civil war. World Politics 64 (1).","http://www.icr.ethz.ch/data"
"geo_typeid","GeoEPR 2014 settlement type ID.","GEOEPR","GeoEPR Dataset","v2018","Wucherpfennig et al. (2011)","Wucherpfennig, J., N. B.Weidmann, L. Girardin, L.-E. Cederman, and A. Wimmer (2011). Politically relevant ethnic groups across space and time: Introducing the GeoEPR dataset. Conflict Management and Peace Science 28 (5).","http://www.icr.ethz.ch/data"
"geo_typename","GeoEPR 2014 settlement type name.","GEOEPR","GeoEPR Dataset","v2018","Wucherpfennig et al. (2011)","Wucherpfennig, J., N. B.Weidmann, L. Girardin, L.-E. Cederman, and A. Wimmer (2011). Politically relevant ethnic groups across space and time: Introducing the GeoEPR dataset. Conflict Management and Peace Science 28 (5).","http://www.icr.ethz.ch/data"
"geo_concentrated","Binary flag indicating whether group's settlement area is concentrated within its host country's territory.","GEOEPR","GeoEPR Dataset","v2018","Wucherpfennig et al. (2011)","Wucherpfennig, J., N. B.Weidmann, L. Girardin, L.-E. Cederman, and A. Wimmer (2011). Politically relevant ethnic groups across space and time: Introducing the GeoEPR dataset. Conflict Management and Peace Science 28 (5).","http://www.icr.ethz.ch/data"
"geo_statewide","Binary flag indicating whether group's settlement area is statewide.","GEOEPR","GeoEPR Dataset","v2018","Wucherpfennig et al. (2011)","Wucherpfennig, J., N. B.Weidmann, L. Girardin, L.-E. Cederman, and A. Wimmer (2011). Politically relevant ethnic groups across space and time: Introducing the GeoEPR dataset. Conflict Management and Peace Science 28 (5).","http://www.icr.ethz.ch/data"
"geo_urban","Binary flag indicating whether group's settlement area is urban.","GEOEPR","GeoEPR Dataset","v2018","Wucherpfennig et al. (2011)","Wucherpfennig, J., N. B.Weidmann, L. Girardin, L.-E. Cederman, and A. Wimmer (2011). Politically relevant ethnic groups across space and time: Introducing the GeoEPR dataset. Conflict Management and Peace Science 28 (5).","http://www.icr.ethz.ch/data"
"geo_migrant","Binary flag indicating whether group's settlement area is migrant.","GEOEPR","GeoEPR Dataset","v2018","Wucherpfennig et al. (2011)","Wucherpfennig, J., N. B.Weidmann, L. Girardin, L.-E. Cederman, and A. Wimmer (2011). Politically relevant ethnic groups across space and time: Introducing the GeoEPR dataset. Conflict Management and Peace Science 28 (5).","http://www.icr.ethz.ch/data"
"geo_dispersed","Binary flag indicating whether group's settlement area is dispersed.","GEOEPR","GeoEPR Dataset","v2018","Wucherpfennig et al. (2011)","Wucherpfennig, J., N. B.Weidmann, L. Girardin, L.-E. Cederman, and A. Wimmer (2011). Politically relevant ethnic groups across space and time: Introducing the GeoEPR dataset. Conflict Management and Peace Science 28 (5).","http://www.icr.ethz.ch/data"
"geo_unknown","Binary flag indicating whether group's settlement area is unknown.","GEOEPR","GeoEPR Dataset","v2018","Wucherpfennig et al. (2011)","Wucherpfennig, J., N. B.Weidmann, L. Girardin, L.-E. Cederman, and A. Wimmer (2011). Politically relevant ethnic groups across space and time: Introducing the GeoEPR dataset. Conflict Management and Peace Science 28 (5).","http://www.icr.ethz.ch/data"
"ggp_startdate","Start-date of GeoEPR episode corresponding to this group-year.","GEOEPR","GeoEPR Dataset","v2018","Wucherpfennig et al. (2011)","Wucherpfennig, J., N. B.Weidmann, L. Girardin, L.-E. Cederman, and A. Wimmer (2011). Politically relevant ethnic groups across space and time: Introducing the GeoEPR dataset. Conflict Management and Peace Science 28 (5).","http://www.icr.ethz.ch/data"
"ggp_enddate","End-date of GeoEPR episode corresponding to this group-year.","GEOEPR","GeoEPR Dataset","v2018","Wucherpfennig et al. (2011)","Wucherpfennig, J., N. B.Weidmann, L. Girardin, L.-E. Cederman, and A. Wimmer (2011). Politically relevant ethnic groups across space and time: Introducing the GeoEPR dataset. Conflict Management and Peace Science 28 (5).","http://www.icr.ethz.ch/data"
"area_sqkm","Group's settlement area in square kilometers (derived from GeoEPR).","GEOEPR","GeoEPR Dataset","v2018","Wucherpfennig et al. (2011)","Wucherpfennig, J., N. B.Weidmann, L. Girardin, L.-E. Cederman, and A. Wimmer (2011). Politically relevant ethnic groups across space and time: Introducing the GeoEPR dataset. Conflict Management and Peace Science 28 (5).","http://www.icr.ethz.ch/data"
"pop90_total","Group's population in 1990; derived by GeoEPR/CIESIN GRUMPv1 overlay. All population within group polygon is summed.","GRUMP","Global Rural Urban Mapping Project","v1","CIESIN (2011)","Center for International Earth Science Information Network - CIESIN - Columbia University, International Food Policy Research Institute - IFPRI, The World Bank, and Centro Internacional de Agricultura Tropical  CIAT (2011). Global Rural-Urban Mapping Project, Version 1 (GRUMPv1): Population Count Grid. Palisades, NY: NASA Socioeconomic Data and Applications Center (SEDAC).","http://sedac.ciesin.columbia.edu/"
"pop90_total","Group's population in 1990; derived by GeoEPR/CIESIN GRUMPv1 overlay. All population within group polygon is summed.","GEOEPR","GeoEPR Dataset","v2018","Wucherpfennig et al. (2011)","Wucherpfennig, J., N. B.Weidmann, L. Girardin, L.-E. Cederman, and A. Wimmer (2011). Politically relevant ethnic groups across space and time: Introducing the GeoEPR dataset. Conflict Management and Peace Science 28 (5).","http://www.icr.ethz.ch/data"
"pop90_corr","Group's population in 1990; derived by GeoEPR/CIESIN GRUMPv1 overlay. Population intersecting with multiple polygons is divided evenly.","GRUMP","Global Rural Urban Mapping Project","v1","CIESIN (2011)","Center for International Earth Science Information Network - CIESIN - Columbia University, International Food Policy Research Institute - IFPRI, The World Bank, and Centro Internacional de Agricultura Tropical  CIAT (2011). Global Rural-Urban Mapping Project, Version 1 (GRUMPv1): Population Count Grid. Palisades, NY: NASA Socioeconomic Data and Applications Center (SEDAC).","http://sedac.ciesin.columbia.edu/"
"pop90_corr","Group's population in 1990; derived by GeoEPR/CIESIN GRUMPv1 overlay. Population intersecting with multiple polygons is divided evenly.","GEOEPR","GeoEPR Dataset","v2018","Wucherpfennig et al. (2011)","Wucherpfennig, J., N. B.Weidmann, L. Girardin, L.-E. Cederman, and A. Wimmer (2011). Politically relevant ethnic groups across space and time: Introducing the GeoEPR dataset. Conflict Management and Peace Science 28 (5).","http://www.icr.ethz.ch/data"
"pop00_total","Group's population in 2000; derived by GeoEPR/CIESIN GRUMPv1 overlay. All population within group polygon is summed.","GRUMP","Global Rural Urban Mapping Project","v1","CIESIN (2011)","Center for International Earth Science Information Network - CIESIN - Columbia University, International Food Policy Research Institute - IFPRI, The World Bank, and Centro Internacional de Agricultura Tropical  CIAT (2011). Global Rural-Urban Mapping Project, Version 1 (GRUMPv1): Population Count Grid. Palisades, NY: NASA Socioeconomic Data and Applications Center (SEDAC).","http://sedac.ciesin.columbia.edu/"
"pop00_total","Group's population in 2000; derived by GeoEPR/CIESIN GRUMPv1 overlay. All population within group polygon is summed.","GEOEPR","GeoEPR Dataset","v2018","Wucherpfennig et al. (2011)","Wucherpfennig, J., N. B.Weidmann, L. Girardin, L.-E. Cederman, and A. Wimmer (2011). Politically relevant ethnic groups across space and time: Introducing the GeoEPR dataset. Conflict Management and Peace Science 28 (5).","http://www.icr.ethz.ch/data"
"pop00_corr","Group's population in 2000; derived by GeoEPR/CIESIN GRUMPv1 overlay. Population intersecting with multiple polygons is divided evenly.","GRUMP","Global Rural Urban Mapping Project","v1","CIESIN (2011)","Center for International Earth Science Information Network - CIESIN - Columbia University, International Food Policy Research Institute - IFPRI, The World Bank, and Centro Internacional de Agricultura Tropical  CIAT (2011). Global Rural-Urban Mapping Project, Version 1 (GRUMPv1): Population Count Grid. Palisades, NY: NASA Socioeconomic Data and Applications Center (SEDAC).","http://sedac.ciesin.columbia.edu/"
"pop00_corr","Group's population in 2000; derived by GeoEPR/CIESIN GRUMPv1 overlay. Population intersecting with multiple polygons is divided evenly.","GEOEPR","GeoEPR Dataset","v2018","Wucherpfennig et al. (2011)","Wucherpfennig, J., N. B.Weidmann, L. Girardin, L.-E. Cederman, and A. Wimmer (2011). Politically relevant ethnic groups across space and time: Introducing the GeoEPR dataset. Conflict Management and Peace Science 28 (5).","http://www.icr.ethz.ch/data"
"pop10_total","Group's population in 2010;  derived by GeoEPR/CIESIN GRUMPv1 overlay. All population within group polygon is summed.","GRUMP","Global Rural Urban Mapping Project","v1","CIESIN (2011)","Center for International Earth Science Information Network - CIESIN - Columbia University, International Food Policy Research Institute - IFPRI, The World Bank, and Centro Internacional de Agricultura Tropical  CIAT (2011). Global Rural-Urban Mapping Project, Version 1 (GRUMPv1): Population Count Grid. Palisades, NY: NASA Socioeconomic Data and Applications Center (SEDAC).","http://sedac.ciesin.columbia.edu/"
"pop10_total","Group's population in 2010;  derived by GeoEPR/CIESIN GRUMPv1 overlay. All population within group polygon is summed.","GEOEPR","GeoEPR Dataset","v2018","Wucherpfennig et al. (2011)","Wucherpfennig, J., N. B.Weidmann, L. Girardin, L.-E. Cederman, and A. Wimmer (2011). Politically relevant ethnic groups across space and time: Introducing the GeoEPR dataset. Conflict Management and Peace Science 28 (5).","http://www.icr.ethz.ch/data"
"pop10_corr","Group's population in 2010; derived by GeoEPR/CIESIN GRUMPv1 overlay. Population intersecting with multiple polygons is divided evenly.","GRUMP","Global Rural Urban Mapping Project","v1","CIESIN (2011)","Center for International Earth Science Information Network - CIESIN - Columbia University, International Food Policy Research Institute - IFPRI, The World Bank, and Centro Internacional de Agricultura Tropical  CIAT (2011). Global Rural-Urban Mapping Project, Version 1 (GRUMPv1): Population Count Grid. Palisades, NY: NASA Socioeconomic Data and Applications Center (SEDAC).","http://sedac.ciesin.columbia.edu/"
"pop10_corr","Group's population in 2010; derived by GeoEPR/CIESIN GRUMPv1 overlay. Population intersecting with multiple polygons is divided evenly.","GEOEPR","GeoEPR Dataset","v2018","Wucherpfennig et al. (2011)","Wucherpfennig, J., N. B.Weidmann, L. Girardin, L.-E. Cederman, and A. Wimmer (2011). Politically relevant ethnic groups across space and time: Introducing the GeoEPR dataset. Conflict Management and Peace Science 28 (5).","http://www.icr.ethz.ch/data"
"nightlight_total","Stable nightlight emissions in group polygon; derived by GeoEPR/DMSP-OLS overlay. All nightlights within group polygon are summed.","GEOEPR","GeoEPR Dataset","v2018","Wucherpfennig et al. (2011)","Wucherpfennig, J., N. B.Weidmann, L. Girardin, L.-E. Cederman, and A. Wimmer (2011). Politically relevant ethnic groups across space and time: Introducing the GeoEPR dataset. Conflict Management and Peace Science 28 (5).","http://www.icr.ethz.ch/data"
"nightlight_total","Stable nightlight emissions in group polygon; derived by GeoEPR/DMSP-OLS overlay. All nightlights within group polygon are summed.","DMSP","DMSP-OLS Nighttime Lights Time Series (Average Visible, Stable Lights, & Cloud Free Coverages)","v4","NOAA (2014)","Image and data processing by NOAA's National Geophysical Data Center. DMSP data collected by US Air Force Weather Agency.","http://ngdc.noaa.gov/eog/dmsp.html"
"nightlight_corr","Stable nightlight emissions in group polygon; derived by GeoEPR/DMSP-OLS overlay. Nightlights intersecting with multiple polygons are divided evenly.","DMSP","DMSP-OLS Nighttime Lights Time Series (Average Visible, Stable Lights, & Cloud Free Coverages)","v4","NOAA (2014)","Image and data processing by NOAA's National Geophysical Data Center. DMSP data collected by US Air Force Weather Agency.","http://ngdc.noaa.gov/eog/dmsp.html"
"nightlight_corr","Stable nightlight emissions in group polygon; derived by GeoEPR/DMSP-OLS overlay. Nightlights intersecting with multiple polygons are divided evenly.","GEOEPR","GeoEPR Dataset","v2018","Wucherpfennig et al. (2011)","Wucherpfennig, J., N. B.Weidmann, L. Girardin, L.-E. Cederman, and A. Wimmer (2011). Politically relevant ethnic groups across space and time: Introducing the GeoEPR dataset. Conflict Management and Peace Science 28 (5).","http://www.icr.ethz.ch/data"
"gdp90_total","Group's contribution to host country's GDP in 1990; derived by GeoEPR/G-Econ overlay. All gross cell product within group polygon is summed.","GEOEPR","GeoEPR Dataset","v2018","Wucherpfennig et al. (2011)","Wucherpfennig, J., N. B.Weidmann, L. Girardin, L.-E. Cederman, and A. Wimmer (2011). Politically relevant ethnic groups across space and time: Introducing the GeoEPR dataset. Conflict Management and Peace Science 28 (5).","http://www.icr.ethz.ch/data"
"gdp90_total","Group's contribution to host country's GDP in 1990; derived by GeoEPR/G-Econ overlay. All gross cell product within group polygon is summed.","GECON","G-Econ","v4","Nordhaus et al. (2006)","Nordhaus, W., Azam, Q., Corderi, D., Hood, K., Victor, N. M., Mohammed, M., and Weiss, J. (2006). The G-Econ database on gridded output: methods and data. Yale University, New Haven.","http://gecon.yale.edu"
"gdp90_corr","Group's contribution to host country's GDP in 1990; derived by GeoEPR/G-Econ overlay. Gross cell product intersecting with multiple polygons is divided evenly.","GECON","G-Econ","v4","Nordhaus et al. (2006)","Nordhaus, W., Azam, Q., Corderi, D., Hood, K., Victor, N. M., Mohammed, M., and Weiss, J. (2006). The G-Econ database on gridded output: methods and data. Yale University, New Haven.","http://gecon.yale.edu"
"gdp90_corr","Group's contribution to host country's GDP in 1990; derived by GeoEPR/G-Econ overlay. Gross cell product intersecting with multiple polygons is divided evenly.","GEOEPR","GeoEPR Dataset","v2018","Wucherpfennig et al. (2011)","Wucherpfennig, J., N. B.Weidmann, L. Girardin, L.-E. Cederman, and A. Wimmer (2011). Politically relevant ethnic groups across space and time: Introducing the GeoEPR dataset. Conflict Management and Peace Science 28 (5).","http://www.icr.ethz.ch/data"
"gdp95_total","Group's contribution to host country's GDP in 1995; derived by GeoEPR/G-Econ overlay. All gross cell product within group polygon is summed.","GEOEPR","GeoEPR Dataset","v2018","Wucherpfennig et al. (2011)","Wucherpfennig, J., N. B.Weidmann, L. Girardin, L.-E. Cederman, and A. Wimmer (2011). Politically relevant ethnic groups across space and time: Introducing the GeoEPR dataset. Conflict Management and Peace Science 28 (5).","http://www.icr.ethz.ch/data"
"gdp95_total","Group's contribution to host country's GDP in 1995; derived by GeoEPR/G-Econ overlay. All gross cell product within group polygon is summed.","GECON","G-Econ","v4","Nordhaus et al. (2006)","Nordhaus, W., Azam, Q., Corderi, D., Hood, K., Victor, N. M., Mohammed, M., and Weiss, J. (2006). The G-Econ database on gridded output: methods and data. Yale University, New Haven.","http://gecon.yale.edu"
"gdp95_corr","Group's contribution to host country's GDP in 1995; derived by GeoEPR/G-Econ overlay. Gross cell product intersecting with multiple polygons is divided evenly.","GECON","G-Econ","v4","Nordhaus et al. (2006)","Nordhaus, W., Azam, Q., Corderi, D., Hood, K., Victor, N. M., Mohammed, M., and Weiss, J. (2006). The G-Econ database on gridded output: methods and data. Yale University, New Haven.","http://gecon.yale.edu"
"gdp95_corr","Group's contribution to host country's GDP in 1995; derived by GeoEPR/G-Econ overlay. Gross cell product intersecting with multiple polygons is divided evenly.","GEOEPR","GeoEPR Dataset","v2018","Wucherpfennig et al. (2011)","Wucherpfennig, J., N. B.Weidmann, L. Girardin, L.-E. Cederman, and A. Wimmer (2011). Politically relevant ethnic groups across space and time: Introducing the GeoEPR dataset. Conflict Management and Peace Science 28 (5).","http://www.icr.ethz.ch/data"
"gdp00_total","Group's contribution to host country's GDP in 2000; derived by GeoEPR/G-Econ overlay. All gross cell product within group polygon is summed.","GEOEPR","GeoEPR Dataset","v2018","Wucherpfennig et al. (2011)","Wucherpfennig, J., N. B.Weidmann, L. Girardin, L.-E. Cederman, and A. Wimmer (2011). Politically relevant ethnic groups across space and time: Introducing the GeoEPR dataset. Conflict Management and Peace Science 28 (5).","http://www.icr.ethz.ch/data"
"gdp00_total","Group's contribution to host country's GDP in 2000; derived by GeoEPR/G-Econ overlay. All gross cell product within group polygon is summed.","GECON","G-Econ","v4","Nordhaus et al. (2006)","Nordhaus, W., Azam, Q., Corderi, D., Hood, K., Victor, N. M., Mohammed, M., and Weiss, J. (2006). The G-Econ database on gridded output: methods and data. Yale University, New Haven.","http://gecon.yale.edu"
"gdp00_corr","Group's contribution to host country's GDP in 2000; derived by GeoEPR/G-Econ overlay. Gross cell product intersecting with multiple polygons is divided evenly.","GECON","G-Econ","v4","Nordhaus et al. (2006)","Nordhaus, W., Azam, Q., Corderi, D., Hood, K., Victor, N. M., Mohammed, M., and Weiss, J. (2006). The G-Econ database on gridded output: methods and data. Yale University, New Haven.","http://gecon.yale.edu"
"gdp00_corr","Group's contribution to host country's GDP in 2000; derived by GeoEPR/G-Econ overlay. Gross cell product intersecting with multiple polygons is divided evenly.","GEOEPR","GeoEPR Dataset","v2018","Wucherpfennig et al. (2011)","Wucherpfennig, J., N. B.Weidmann, L. Girardin, L.-E. Cederman, and A. Wimmer (2011). Politically relevant ethnic groups across space and time: Introducing the GeoEPR dataset. Conflict Management and Peace Science 28 (5).","http://www.icr.ethz.ch/data"
"gdp05_total","Group's contribution to host country's GDP in 2005; derived by GeoEPR/G-Econ overlay. All gross cell product within group polygon is summed.","GECON","G-Econ","v4","Nordhaus et al. (2006)","Nordhaus, W., Azam, Q., Corderi, D., Hood, K., Victor, N. M., Mohammed, M., and Weiss, J. (2006). The G-Econ database on gridded output: methods and data. Yale University, New Haven.","http://gecon.yale.edu"
"gdp05_total","Group's contribution to host country's GDP in 2005; derived by GeoEPR/G-Econ overlay. All gross cell product within group polygon is summed.","GEOEPR","GeoEPR Dataset","v2018","Wucherpfennig et al. (2011)","Wucherpfennig, J., N. B.Weidmann, L. Girardin, L.-E. Cederman, and A. Wimmer (2011). Politically relevant ethnic groups across space and time: Introducing the GeoEPR dataset. Conflict Management and Peace Science 28 (5).","http://www.icr.ethz.ch/data"
"gdp05_corr","Group's contribution to host country's GDP in 2005; derived by GeoEPR/G-Econ overlay. Gross cell product intersecting with multiple polygons is divided evenly.","GECON","G-Econ","v4","Nordhaus et al. (2006)","Nordhaus, W., Azam, Q., Corderi, D., Hood, K., Victor, N. M., Mohammed, M., and Weiss, J. (2006). The G-Econ database on gridded output: methods and data. Yale University, New Haven.","http://gecon.yale.edu"
"gdp05_corr","Group's contribution to host country's GDP in 2005; derived by GeoEPR/G-Econ overlay. Gross cell product intersecting with multiple polygons is divided evenly.","GEOEPR","GeoEPR Dataset","v2018","Wucherpfennig et al. (2011)","Wucherpfennig, J., N. B.Weidmann, L. Girardin, L.-E. Cederman, and A. Wimmer (2011). Politically relevant ethnic groups across space and time: Introducing the GeoEPR dataset. Conflict Management and Peace Science 28 (5).","http://www.icr.ethz.ch/data"
"elevsd","Standard deviation of gridded elevation measurements (0.008330 decimal degree resolution) intersecting with group polygon.","GTOPO30","Global 30 Arc-Second Elevation (GTOPO30)","v30","LP DAAC (1996)","Distributed by NASA's Land Processes Distributed Active Archive Center (LP DAAC) (1996).","https://lta.cr.usgs.gov/GTOPO30"
"elevsd","Standard deviation of gridded elevation measurements (0.008330 decimal degree resolution) intersecting with group polygon.","GEOEPR","GeoEPR Dataset","v2018","Wucherpfennig et al. (2011)","Wucherpfennig, J., N. B.Weidmann, L. Girardin, L.-E. Cederman, and A. Wimmer (2011). Politically relevant ethnic groups across space and time: Introducing the GeoEPR dataset. Conflict Management and Peace Science 28 (5).","http://www.icr.ethz.ch/data"
"meanelev","Mean elevation of territory intersecting with group polygon.","GTOPO30","Global 30 Arc-Second Elevation (GTOPO30)","v30","LP DAAC (1996)","Distributed by NASA's Land Processes Distributed Active Archive Center (LP DAAC) (1996).","https://lta.cr.usgs.gov/GTOPO30"
"meanelev","Mean elevation of territory intersecting with group polygon.","GEOEPR","GeoEPR Dataset","v2018","Wucherpfennig et al. (2011)","Wucherpfennig, J., N. B.Weidmann, L. Girardin, L.-E. Cederman, and A. Wimmer (2011). Politically relevant ethnic groups across space and time: Introducing the GeoEPR dataset. Conflict Management and Peace Science 28 (5).","http://www.icr.ethz.ch/data"
"tek_groupid_arr","String indicating comma-separated groupids of TEK groups associated with this group","TEK","Transborder Ethnic Kin (TEK) Dataset","v2018","Cederman et al. (2013)","Cederman, L.-E., K. S. Gleditsch, I. Salehyan, and J. Wucherpfennig (2013). Transborder Ethnic Kin and Civil War. International Organization 67 (2).","http://www.icr.ethz.ch/data"
"tek_count","Count variable indicating number of TEK groups associated with this group","TEK","Transborder Ethnic Kin (TEK) Dataset","v2018","Cederman et al. (2013)","Cederman, L.-E., K. S. Gleditsch, I. Salehyan, and J. Wucherpfennig (2013). Transborder Ethnic Kin and Civil War. International Organization 67 (2).","http://www.icr.ethz.ch/data"
"tek_isrelevant","Binary flag indicating whether at least one of this group's TEK groups is currently politically relevant","TEK","Transborder Ethnic Kin (TEK) Dataset","v2018","Cederman et al. (2013)","Cederman, L.-E., K. S. Gleditsch, I. Salehyan, and J. Wucherpfennig (2013). Transborder Ethnic Kin and Civil War. International Organization 67 (2).","http://www.icr.ethz.ch/data"
"tek_excl","Binary flag indicating whether at least one of this group's TEK groups is currently politically excluded (MEG)","TEK","Transborder Ethnic Kin (TEK) Dataset","v2018","Cederman et al. (2013)","Cederman, L.-E., K. S. Gleditsch, I. Salehyan, and J. Wucherpfennig (2013). Transborder Ethnic Kin and Civil War. International Organization 67 (2).","http://www.icr.ethz.ch/data"
"tek_egip","Binary flag indicating whether at least one of this group's TEK groups currently has EGIP status; note: for this coding; placeholder groups are considered EGIP","TEK","Transborder Ethnic Kin (TEK) Dataset","v2018","Cederman et al. (2013)","Cederman, L.-E., K. S. Gleditsch, I. Salehyan, and J. Wucherpfennig (2013). Transborder Ethnic Kin and Civil War. International Organization 67 (2).","http://www.icr.ethz.ch/data"
"min_border_km","Group's settlement area minimum distance to the country border in kilometers (derived from GeoEPR).","GEOEPR","GeoEPR Dataset","v2018","Wucherpfennig et al. (2011)","Wucherpfennig, J., N. B.Weidmann, L. Girardin, L.-E. Cederman, and A. Wimmer (2011). Politically relevant ethnic groups across space and time: Introducing the GeoEPR dataset. Conflict Management and Peace Science 28 (5).","http://www.icr.ethz.ch/data"
"min_coastal_km","Group's settlement area minimum distance to a coast in kilometers (derived from GeoEPR).","GEOEPR","GeoEPR Dataset","v2018","Wucherpfennig et al. (2011)","Wucherpfennig, J., N. B.Weidmann, L. Girardin, L.-E. Cederman, and A. Wimmer (2011). Politically relevant ethnic groups across space and time: Introducing the GeoEPR dataset. Conflict Management and Peace Science 28 (5).","http://www.icr.ethz.ch/data"
"mean_coastal_km","Group's settlement area mean distance to a coast in kilometers (derived from GeoEPR).","GEOEPR","GeoEPR Dataset","v2018","Wucherpfennig et al. (2011)","Wucherpfennig, J., N. B.Weidmann, L. Girardin, L.-E. Cederman, and A. Wimmer (2011). Politically relevant ethnic groups across space and time: Introducing the GeoEPR dataset. Conflict Management and Peace Science 28 (5).","http://www.icr.ethz.ch/data"
"min_capital_km","Group's settlement area minimum distance to the capital (derived from GeoEPR).","GEOEPR","GeoEPR Dataset","v2018","Wucherpfennig et al. (2011)","Wucherpfennig, J., N. B.Weidmann, L. Girardin, L.-E. Cederman, and A. Wimmer (2011). Politically relevant ethnic groups across space and time: Introducing the GeoEPR dataset. Conflict Management and Peace Science 28 (5).","http://www.icr.ethz.ch/data"
